{
  "global_step": 1700,
  "epoch": 34,
  "recent_loss": 0.44135633766651156,
  "best_loss": 0.42648866221308707,
  "learning_rate": 4.992415180771306e-05,
  "patience_counter": 3
}