{
  "global_step": 1650,
  "epoch": 33,
  "recent_loss": 0.4804023548960686,
  "best_loss": 0.42648866221308707,
  "learning_rate": 4.992863206457772e-05,
  "patience_counter": 2
}