{
  "model_id": "stabilityai/stable-diffusion-xl-base-1.0",
  "learning_rate": 5e-06,
  "lora_rank": 16,
  "lora_alpha": 32,
  "total_steps": 510,
  "valid_steps": 510,
  "avg_loss": 0.5247581388436112,
  "final_losses": [
    0.10799689590930939,
    0.12818270921707153,
    0.6772977709770203,
    0.10844726860523224,
    0.12222002446651459,
    0.48729607462882996,
    0.8063858151435852,
    1.2808681726455688,
    1.1419697999954224,
    1.208606243133545,
    0.11739394068717957,
    0.3821027874946594,
    0.2902870178222656,
    1.158922791481018,
    0.36866629123687744,
    1.2366453409194946,
    1.1189810037612915,
    1.2911664247512817,
    0.29944151639938354,
    0.9747264981269836
  ],
  "improvements": "Higher LR, rank, alpha, more epochs"
}