{
  "global_step": 400,
  "epoch": 8,
  "recent_loss": 0.4803422540426254,
  "best_loss": 0.4803422540426254,
  "learning_rate": 4.999580905819125e-05,
  "patience_counter": 0
}