{
  "global_step": 100,
  "epoch": 2,
  "recent_loss": 0.20914016664028168,
  "avg_loss": 0.4745884230732918,
  "learning_rate": 9.999943151198344e-05
}