{
  "global_step": 600,
  "epoch": 12,
  "recent_loss": 0.6067278487980365,
  "best_loss": 0.4803422540426254,
  "learning_rate": 4.999057074685472e-05,
  "patience_counter": 4
}