{
  "global_step": 450,
  "epoch": 9,
  "recent_loss": 0.48511156931519506,
  "best_loss": 0.4803422540426254,
  "learning_rate": 4.999467077579343e-05,
  "patience_counter": 1
}