{
  "global_step": 1350,
  "epoch": 27,
  "recent_loss": 0.47218080386519434,
  "best_loss": 0.4699834725260735,
  "learning_rate": 4.9952052127947994e-05,
  "patience_counter": 6
}