{
  "model_id": "stabilityai/stable-diffusion-xl-base-1.0",
  "resolution": 512,
  "learning_rate": 1e-06,
  "total_steps": 165,
  "valid_steps": 165,
  "avg_loss": 0.3711342527559309,
  "final_losses": [
    0.28106874227523804,
    0.17132779955863953,
    0.7331927418708801,
    0.23465502262115479,
    0.5665302872657776,
    0.24408380687236786,
    0.24867233633995056,
    0.26794344186782837,
    0.2662878632545471,
    0.24447743594646454
  ],
  "vae_fix": "madebyollin/sdxl-vae-fp16-fix"
}