{
  "model_id": "stabilityai/stable-diffusion-xl-base-1.0",
  "resolution": 1024,
  "learning_rate": 5e-05,
  "lora_rank": 16,
  "lora_alpha": 32,
  "lora_dropout": 0.1,
  "num_epochs": 300,
  "actual_epochs": 58,
  "total_steps": 2950,
  "valid_steps": 2950,
  "best_loss": 0.3962059889733791,
  "avg_loss": 0.49437638846494386,
  "final_losses": [
    0.3306509256362915,
    0.24742843210697174,
    0.2554174065589905,
    0.1676475703716278,
    0.8353890180587769,
    0.14367611706256866,
    1.1797634363174438,
    0.8582243919372559,
    0.2096029669046402,
    0.14896638691425323,
    0.31772381067276,
    1.1982347965240479,
    0.9843555688858032,
    0.6629433035850525,
    1.2960091829299927,
    1.2869737148284912,
    0.2813939154148102,
    0.8404147624969482,
    0.15537995100021362,
    1.2862052917480469,
    1.2289180755615234,
    0.13933506608009338,
    1.298485279083252,
    0.25959110260009766,
    1.1636998653411865,
    1.244330883026123,
    0.1572348028421402,
    0.9323203563690186,
    0.23120447993278503,
    0.15782374143600464,
    1.1791653633117676,
    0.16361603140830994,
    0.1574133336544037,
    1.1640774011611938,
    0.1957569420337677,
    1.276244878768921,
    0.20751667022705078,
    0.4453892111778259,
    0.2396675944328308,
    0.15687257051467896,
    0.1365225911140442,
    0.1537899672985077,
    0.34868550300598145,
    0.13831473886966705,
    0.6356508135795593,
    1.2054977416992188,
    0.14624711871147156,
    0.19910410046577454,
    0.24817733466625214,
    0.2235010862350464
  ],
  "early_stopped": true,
  "improvements": [
    "1024px resolution for SDXL",
    "200 epochs with early stopping",
    "Balanced learning rate and parameters",
    "Dropout and regularization for generalization",
    "Early stopping to prevent overfitting"
  ]
}